Id2,Geography,Age,2015,2020,2025,2030,,,,,,,,,
27001,Aitkin,16 to 19, 360 , 371 , 362 , 293 ,,,,,,,,,
27001,Aitkin,20 to 24, 510 , 671 , 697 , 686 ,,,,,,,,,
27001,Aitkin,25 to 29, 456 , 507 , 683 , 719 ,,,,,,,,,
27001,Aitkin,30 to 34, 559 , 470 , 528 , 724 ,,,,,,,,,
27001,Aitkin,35 to 44," 1,103 "," 1,027 ", 950 , 935 ,,,,,,,,,
27001,Aitkin,45 to 54," 1,595 "," 1,194 "," 1,029 ", 975 ,,,,,,,,,
27001,Aitkin,55 to 59, 890 , 746 , 513 , 438 ,,,,,,,,,
27001,Aitkin,60 to 64, 647 , 582 , 493 , 343 ,,,,,,,,,
27001,Aitkin,65 to 74, 448 , 452 , 425 , 377 ,,,,,,,,,
27001,Aitkin,75+, 97 , 126 , 151 , 167 ,,,,,,,,,
27003,Anoka,16 to 19," 9,128 "," 10,242 "," 10,085 "," 9,608 ",,,,,,,,,
27003,Anoka,20 to 24," 17,295 "," 19,940 "," 22,509 "," 22,108 ",,,,,,,,,
27003,Anoka,25 to 29," 18,876 "," 18,225 "," 21,231 "," 23,950 ",,,,,,,,,
27003,Anoka,30 to 34," 20,840 "," 18,986 "," 18,454 "," 21,456 ",,,,,,,,,
27003,Anoka,35 to 44," 41,237 "," 41,810 "," 41,014 "," 38,525 ",,,,,,,,,
27003,Anoka,45 to 54," 47,362 "," 43,448 "," 42,241 "," 42,998 ",,,,,,,,,
27003,Anoka,55 to 59," 20,946 "," 23,293 "," 20,937 "," 19,839 ",,,,,,,,,
27003,Anoka,60 to 64," 12,550 "," 14,724 "," 16,489 "," 14,778 ",,,,,,,,,
27003,Anoka,65 to 74," 6,481 "," 8,063 "," 9,610 "," 10,990 ",,,,,,,,,
27003,Anoka,75+, 977 ," 1,174 "," 1,384 "," 1,661 ",,,,,,,,,
27005,Becker,16 to 19, 982 ," 1,133 "," 1,107 ", 987 ,,,,,,,,,
27005,Becker,20 to 24," 1,491 "," 2,083 "," 2,352 "," 2,284 ",,,,,,,,,
27005,Becker,25 to 29," 1,401 "," 1,392 "," 1,993 "," 2,251 ",,,,,,,,,
27005,Becker,30 to 34," 1,562 "," 1,328 "," 1,309 "," 1,873 ",,,,,,,,,
27005,Becker,35 to 44," 3,199 "," 3,219 "," 2,871 "," 2,566 ",,,,,,,,,
27005,Becker,45 to 54," 3,588 "," 3,075 "," 3,028 "," 2,998 ",,,,,,,,,
27005,Becker,55 to 59," 1,883 "," 1,677 "," 1,328 "," 1,210 ",,,,,,,,,
27005,Becker,60 to 64," 1,374 "," 1,403 "," 1,239 ", 974 ,,,,,,,,,
27005,Becker,65 to 74, 913 ," 1,106 "," 1,178 "," 1,106 ",,,,,,,,,
27005,Becker,75+, 179 , 218 , 278 , 334 ,,,,,,,,,
27007,Beltrami,16 to 19," 1,331 "," 1,242 "," 1,348 "," 1,341 ",,,,,,,,,
27007,Beltrami,20 to 24," 3,597 "," 3,495 "," 3,289 "," 3,488 ",,,,,,,,,
27007,Beltrami,25 to 29," 2,575 "," 2,945 "," 2,818 "," 2,603 ",,,,,,,,,
27007,Beltrami,30 to 34," 2,389 "," 2,499 "," 2,839 "," 2,712 ",,,,,,,,,
27007,Beltrami,35 to 44," 3,984 "," 4,434 "," 4,793 "," 5,212 ",,,,,,,,,
27007,Beltrami,45 to 54," 4,296 "," 3,816 "," 3,928 "," 4,339 ",,,,,,,,,
27007,Beltrami,55 to 59," 2,258 "," 2,070 "," 1,658 "," 1,622 ",,,,,,,,,
27007,Beltrami,60 to 64," 1,680 "," 1,789 "," 1,628 "," 1,303 ",,,,,,,,,
27007,Beltrami,65 to 74, 872 ," 1,106 "," 1,234 "," 1,208 ",,,,,,,,,
27007,Beltrami,75+, 135 , 158 , 200 , 249 ,,,,,,,,,
27009,Benton,16 to 19," 1,226 "," 1,565 "," 1,595 "," 1,507 ",,,,,,,,,
27009,Benton,20 to 24," 2,215 "," 2,602 "," 3,170 "," 3,209 ",,,,,,,,,
27009,Benton,25 to 29," 2,539 "," 1,769 "," 2,180 "," 2,769 ",,,,,,,,,
27009,Benton,30 to 34," 2,734 "," 2,490 "," 1,717 "," 2,124 ",,,,,,,,,
27009,Benton,35 to 44," 4,299 "," 4,685 "," 4,696 "," 3,679 ",,,,,,,,,
27009,Benton,45 to 54," 4,614 "," 4,246 "," 4,276 "," 4,659 ",,,,,,,,,
27009,Benton,55 to 59," 1,864 "," 2,031 "," 1,826 "," 1,721 ",,,,,,,,,
27009,Benton,60 to 64," 1,469 "," 1,670 "," 1,823 "," 1,632 ",,,,,,,,,
27009,Benton,65 to 74, 661 , 849 ," 1,015 "," 1,126 ",,,,,,,,,
27009,Benton,75+, 114 , 128 , 155 , 193 ,,,,,,,,,
27011,Big Stone,16 to 19, 142 , 146 , 146 , 146 ,,,,,,,,,
27011,Big Stone,20 to 24, 240 , 291 , 297 , 297 ,,,,,,,,,
27011,Big Stone,25 to 29, 167 , 195 , 240 , 245 ,,,,,,,,,
27011,Big Stone,30 to 34, 213 , 162 , 190 , 233 ,,,,,,,,,
27011,Big Stone,35 to 44, 416 , 419 , 375 , 349 ,,,,,,,,,
27011,Big Stone,45 to 54, 550 , 401 , 362 , 362 ,,,,,,,,,
27011,Big Stone,55 to 59, 337 , 308 , 198 , 168 ,,,,,,,,,
27011,Big Stone,60 to 64, 271 , 290 , 264 , 169 ,,,,,,,,,
27011,Big Stone,65 to 74, 109 , 125 , 139 , 136 ,,,,,,,,,
27011,Big Stone,75+, 28 , 27 , 28 , 31 ,,,,,,,,,
27013,Blue Earth,16 to 19," 2,297 "," 1,845 "," 1,947 "," 1,852 ",,,,,,,,,
27013,Blue Earth,20 to 24," 8,282 "," 8,183 "," 7,325 "," 7,515 ",,,,,,,,,
27013,Blue Earth,25 to 29," 4,697 "," 4,741 "," 4,510 "," 3,494 ",,,,,,,,,
27013,Blue Earth,30 to 34," 4,028 "," 4,590 "," 4,586 "," 4,353 ",,,,,,,,,
27013,Blue Earth,35 to 44," 6,205 "," 7,415 "," 8,653 "," 9,163 ",,,,,,,,,
27013,Blue Earth,45 to 54," 6,127 "," 5,791 "," 6,166 "," 7,290 ",,,,,,,,,
27013,Blue Earth,55 to 59," 3,310 "," 3,135 "," 2,805 "," 2,745 ",,,,,,,,,
27013,Blue Earth,60 to 64," 2,309 "," 2,539 "," 2,380 "," 2,126 ",,,,,,,,,
27013,Blue Earth,65 to 74," 1,221 "," 1,624 "," 1,904 "," 1,918 ",,,,,,,,,
27013,Blue Earth,75+, 153 , 169 , 210 , 269 ,,,,,,,,,
27015,Brown,16 to 19, 837 , 865 , 815 , 711 ,,,,,,,,,
27015,Brown,20 to 24," 1,578 "," 1,753 "," 1,787 "," 1,692 ",,,,,,,,,
27015,Brown,25 to 29," 1,229 "," 1,274 "," 1,462 "," 1,507 ",,,,,,,,,
27015,Brown,30 to 34," 1,287 "," 1,141 "," 1,178 "," 1,355 ",,,,,,,,,
27015,Brown,35 to 44," 2,308 "," 2,357 "," 2,269 "," 2,159 ",,,,,,,,,
27015,Brown,45 to 54," 2,988 "," 2,383 "," 2,147 "," 2,180 ",,,,,,,,,
27015,Brown,55 to 59," 1,645 "," 1,481 "," 1,122 ", 934 ,,,,,,,,,
27015,Brown,60 to 64," 1,095 "," 1,228 "," 1,099 ", 833 ,,,,,,,,,
27015,Brown,65 to 74, 645 , 776 , 890 , 887 ,,,,,,,,,
27015,Brown,75+, 206 , 205 , 228 , 265 ,,,,,,,,,
27017,Carlton,16 to 19, 863 , 986 , 956 , 822 ,,,,,,,,,
27017,Carlton,20 to 24," 1,602 "," 2,024 "," 2,264 "," 2,193 ",,,,,,,,,
27017,Carlton,25 to 29," 1,569 "," 1,439 "," 1,883 "," 2,128 ",,,,,,,,,
27017,Carlton,30 to 34," 1,778 "," 1,521 "," 1,387 "," 1,816 ",,,,,,,,,
27017,Carlton,35 to 44," 3,645 "," 3,504 "," 3,194 "," 2,784 ",,,,,,,,,
27017,Carlton,45 to 54," 4,177 "," 3,740 "," 3,516 "," 3,345 ",,,,,,,,,
27017,Carlton,55 to 59," 1,977 "," 1,903 "," 1,615 "," 1,505 ",,,,,,,,,
27017,Carlton,60 to 64," 1,242 "," 1,451 "," 1,392 "," 1,175 ",,,,,,,,,
27017,Carlton,65 to 74, 708 , 895 ," 1,078 "," 1,130 ",,,,,,,,,
27017,Carlton,75+, 90 , 104 , 125 , 155 ,,,,,,,,,
27019,Carver,16 to 19," 3,161 "," 3,599 "," 3,466 "," 3,022 ",,,,,,,,,
27019,Carver,20 to 24," 4,894 "," 7,361 "," 8,343 "," 7,942 ",,,,,,,,,
27019,Carver,25 to 29," 4,383 "," 5,406 "," 8,243 "," 9,206 ",,,,,,,,,
27019,Carver,30 to 34," 5,590 "," 4,672 "," 5,759 "," 8,648 ",,,,,,,,,
27019,Carver,35 to 44," 12,439 "," 12,162 "," 10,987 "," 10,908 ",,,,,,,,,
27019,Carver,45 to 54," 14,294 "," 13,989 "," 13,592 "," 13,044 ",,,,,,,,,
27019,Carver,55 to 59," 6,309 "," 7,820 "," 7,777 "," 7,329 ",,,,,,,,,
27019,Carver,60 to 64," 3,434 "," 4,574 "," 5,664 "," 5,540 ",,,,,,,,,
27019,Carver,65 to 74," 2,093 "," 2,937 "," 3,985 "," 5,004 ",,,,,,,,,
27019,Carver,75+, 291 , 335 , 388 , 499 ,,,,,,,,,
27021,Cass,16 to 19, 626 , 694 , 718 , 636 ,,,,,,,,,
27021,Cass,20 to 24," 1,167 "," 1,355 "," 1,493 "," 1,553 ",,,,,,,,,
27021,Cass,25 to 29, 993 ," 1,034 "," 1,226 "," 1,376 ",,,,,,,,,
27021,Cass,30 to 34," 1,102 "," 1,008 "," 1,056 "," 1,266 ",,,,,,,,,
27021,Cass,35 to 44," 2,274 "," 2,140 "," 2,007 "," 1,988 ",,,,,,,,,
27021,Cass,45 to 54," 2,988 "," 2,322 "," 2,053 "," 1,956 ",,,,,,,,,
27021,Cass,55 to 59," 1,659 "," 1,441 "," 1,058 ", 891 ,,,,,,,,,
27021,Cass,60 to 64," 1,069 ", 988 , 863 , 639 ,,,,,,,,,
27021,Cass,65 to 74, 811 , 867 , 847 , 770 ,,,,,,,,,
27021,Cass,75+, 201 , 266 , 332 , 380 ,,,,,,,,,
27023,Chippewa,16 to 19, 328 , 335 , 329 , 291 ,,,,,,,,,
27023,Chippewa,20 to 24, 651 , 761 , 770 , 754 ,,,,,,,,,
27023,Chippewa,25 to 29, 577 , 570 , 675 , 686 ,,,,,,,,,
27023,Chippewa,30 to 34, 578 , 502 , 494 , 587 ,,,,,,,,,
27023,Chippewa,35 to 44," 1,154 "," 1,199 "," 1,134 "," 1,042 ",,,,,,,,,
27023,Chippewa,45 to 54," 1,361 "," 1,092 "," 1,002 "," 1,037 ",,,,,,,,,
27023,Chippewa,55 to 59, 767 , 704 , 545 , 448 ,,,,,,,,,
27023,Chippewa,60 to 64, 585 , 572 , 522 , 404 ,,,,,,,,,
27023,Chippewa,65 to 74, 369 , 447 , 480 , 453 ,,,,,,,,,
27023,Chippewa,75+, 77 , 77 , 86 , 101 ,,,,,,,,,
27025,Chisago,16 to 19," 1,656 "," 1,807 "," 1,614 "," 1,383 ",,,,,,,,,
27025,Chisago,20 to 24," 2,788 "," 3,723 "," 4,005 "," 3,601 ",,,,,,,,,
27025,Chisago,25 to 29," 2,344 "," 2,275 "," 3,163 "," 3,410 ",,,,,,,,,
27025,Chisago,30 to 34," 2,725 "," 2,377 "," 2,292 "," 3,183 ",,,,,,,,,
27025,Chisago,35 to 44," 6,128 "," 5,893 "," 5,649 "," 5,135 ",,,,,,,,,
27025,Chisago,45 to 54," 7,828 "," 6,835 "," 5,904 "," 5,589 ",,,,,,,,,
27025,Chisago,55 to 59," 3,211 "," 3,559 "," 3,102 "," 2,633 ",,,,,,,,,
27025,Chisago,60 to 64," 1,790 "," 2,262 "," 2,494 "," 2,158 ",,,,,,,,,
27025,Chisago,65 to 74," 1,076 "," 1,373 "," 1,719 "," 1,998 ",,,,,,,,,
27025,Chisago,75+, 125 , 156 , 202 , 256 ,,,,,,,,,
27027,Clay,16 to 19," 2,388 "," 2,001 "," 2,120 "," 2,025 ",,,,,,,,,
27027,Clay,20 to 24," 5,579 "," 5,666 "," 4,975 "," 5,150 ",,,,,,,,,
27027,Clay,25 to 29," 3,981 "," 4,334 "," 4,366 "," 3,564 ",,,,,,,,,
27027,Clay,30 to 34," 3,816 "," 4,010 "," 4,323 "," 4,335 ",,,,,,,,,
27027,Clay,35 to 44," 6,502 "," 7,292 "," 7,847 "," 8,279 ",,,,,,,,,
27027,Clay,45 to 54," 5,923 "," 5,757 "," 6,233 "," 6,890 ",,,,,,,,,
27027,Clay,55 to 59," 3,016 "," 3,002 "," 2,627 "," 2,772 ",,,,,,,,,
27027,Clay,60 to 64," 2,314 "," 2,672 "," 2,632 "," 2,292 ",,,,,,,,,
27027,Clay,65 to 74," 1,345 "," 1,776 "," 2,151 "," 2,264 ",,,,,,,,,
27027,Clay,75+, 247 , 270 , 325 , 411 ,,,,,,,,,
27029,Clearwater,16 to 19, 244 , 285 , 276 , 228 ,,,,,,,,,
27029,Clearwater,20 to 24, 368 , 488 , 559 , 538 ,,,,,,,,,
27029,Clearwater,25 to 29, 322 , 318 , 437 , 503 ,,,,,,,,,
27029,Clearwater,30 to 34, 361 , 326 , 320 , 437 ,,,,,,,,,
27029,Clearwater,35 to 44, 772 , 733 , 674 , 626 ,,,,,,,,,
27029,Clearwater,45 to 54, 895 , 778 , 754 , 706 ,,,,,,,,,
27029,Clearwater,55 to 59, 452 , 417 , 318 , 313 ,,,,,,,,,
27029,Clearwater,60 to 64, 296 , 320 , 294 , 222 ,,,,,,,,,
27029,Clearwater,65 to 74, 182 , 209 , 230 , 227 ,,,,,,,,,
27029,Clearwater,75+, 33 , 39 , 46 , 53 ,,,,,,,,,
27031,Cook,16 to 19, 136 , 144 , 141 , 129 ,,,,,,,,,
27031,Cook,20 to 24, 207 , 261 , 279 , 276 ,,,,,,,,,
27031,Cook,25 to 29, 208 , 182 , 236 , 255 ,,,,,,,,,
27031,Cook,30 to 34, 244 , 218 , 191 , 252 ,,,,,,,,,
27031,Cook,35 to 44, 506 , 522 , 522 , 472 ,,,,,,,,,
27031,Cook,45 to 54, 613 , 505 , 468 , 489 ,,,,,,,,,
27031,Cook,55 to 59, 380 , 311 , 241 , 213 ,,,,,,,,,
27031,Cook,60 to 64, 274 , 264 , 216 , 169 ,,,,,,,,,
27031,Cook,65 to 74, 242 , 295 , 306 , 276 ,,,,,,,,,
27031,Cook,75+, 50 , 69 , 95 , 121 ,,,,,,,,,
27033,Cottonwood,16 to 19, 293 , 315 , 290 , 285 ,,,,,,,,,
27033,Cottonwood,20 to 24, 542 , 652 , 691 , 636 ,,,,,,,,,
27033,Cottonwood,25 to 29, 448 , 476 , 577 , 614 ,,,,,,,,,
27033,Cottonwood,30 to 34, 478 , 437 , 461 , 561 ,,,,,,,,,
27033,Cottonwood,35 to 44," 1,009 ", 974 , 901 , 881 ,,,,,,,,,
27033,Cottonwood,45 to 54," 1,195 "," 1,021 ", 924 , 884 ,,,,,,,,,
27033,Cottonwood,55 to 59, 697 , 595 , 510 , 427 ,,,,,,,,,
27033,Cottonwood,60 to 64, 512 , 531 , 451 , 385 ,,,,,,,,,
27033,Cottonwood,65 to 74, 431 , 484 , 506 , 473 ,,,,,,,,,
27033,Cottonwood,75+, 86 , 86 , 94 , 103 ,,,,,,,,,
27035,Crow Wing,16 to 19," 1,757 "," 2,129 "," 2,149 "," 1,970 ",,,,,,,,,
27035,Crow Wing,20 to 24," 3,023 "," 3,729 "," 4,403 "," 4,449 ",,,,,,,,,
27035,Crow Wing,25 to 29," 2,767 "," 2,606 "," 3,332 "," 4,027 ",,,,,,,,,
27035,Crow Wing,30 to 34," 3,219 "," 2,778 "," 2,612 "," 3,363 ",,,,,,,,,
27035,Crow Wing,35 to 44," 5,880 "," 6,069 "," 5,774 "," 5,160 ",,,,,,,,,
27035,Crow Wing,45 to 54," 6,869 "," 5,729 "," 5,478 "," 5,664 ",,,,,,,,,
27035,Crow Wing,55 to 59," 3,537 "," 3,416 "," 2,649 "," 2,385 ",,,,,,,,,
27035,Crow Wing,60 to 64," 2,399 "," 2,458 "," 2,376 "," 1,844 ",,,,,,,,,
27035,Crow Wing,65 to 74," 1,387 "," 1,576 "," 1,668 "," 1,662 ",,,,,,,,,
27035,Crow Wing,75+, 318 , 399 , 497 , 584 ,,,,,,,,,
27037,Dakota,16 to 19," 11,574 "," 13,110 "," 13,078 "," 12,672 ",,,,,,,,,
27037,Dakota,20 to 24," 21,845 "," 25,553 "," 29,113 "," 28,922 ",,,,,,,,,
27037,Dakota,25 to 29," 23,316 "," 22,167 "," 26,171 "," 29,765 ",,,,,,,,,
27037,Dakota,30 to 34," 26,091 "," 23,810 "," 22,757 "," 26,783 ",,,,,,,,,
27037,Dakota,35 to 44," 49,723 "," 51,308 "," 50,605 "," 47,108 ",,,,,,,,,
27037,Dakota,45 to 54," 55,481 "," 51,640 "," 51,327 "," 53,058 ",,,,,,,,,
27037,Dakota,55 to 59," 25,658 "," 28,098 "," 25,418 "," 24,572 ",,,,,,,,,
27037,Dakota,60 to 64," 15,298 "," 17,880 "," 19,696 "," 17,744 ",,,,,,,,,
27037,Dakota,65 to 74," 9,106 "," 11,572 "," 13,903 "," 15,707 ",,,,,,,,,
27037,Dakota,75+," 1,180 "," 1,321 "," 1,503 "," 1,809 ",,,,,,,,,
27039,Dodge,16 to 19, 596 , 685 , 610 , 491 ,,,,,,,,,
27039,Dodge,20 to 24," 1,091 "," 1,583 "," 1,777 "," 1,580 ",,,,,,,,,
27039,Dodge,25 to 29, 924 , 871 ," 1,348 "," 1,525 ",,,,,,,,,
27039,Dodge,30 to 34," 1,127 ", 928 , 868 ," 1,339 ",,,,,,,,,
27039,Dodge,35 to 44," 2,551 "," 2,346 "," 2,008 "," 1,731 ",,,,,,,,,
27039,Dodge,45 to 54," 2,571 "," 2,391 "," 2,261 "," 2,036 ",,,,,,,,,
27039,Dodge,55 to 59," 1,238 "," 1,266 "," 1,127 "," 1,067 ",,,,,,,,,
27039,Dodge,60 to 64, 881 ," 1,011 "," 1,028 ", 903 ,,,,,,,,,
27039,Dodge,65 to 74, 422 , 555 , 684 , 726 ,,,,,,,,,
27039,Dodge,75+, 88 , 101 , 119 , 151 ,,,,,,,,,
27041,Douglas,16 to 19," 1,102 "," 1,213 "," 1,194 "," 1,072 ",,,,,,,,,
27041,Douglas,20 to 24," 1,865 "," 1,868 "," 2,048 "," 2,018 ",,,,,,,,,
27041,Douglas,25 to 29," 1,936 "," 2,010 "," 2,004 "," 2,199 ",,,,,,,,,
27041,Douglas,30 to 34," 2,011 "," 1,966 "," 2,032 "," 2,029 ",,,,,,,,,
27041,Douglas,35 to 44," 3,577 "," 3,841 "," 3,959 "," 3,972 ",,,,,,,,,
27041,Douglas,45 to 54," 4,075 "," 3,625 "," 3,635 "," 3,891 ",,,,,,,,,
27041,Douglas,55 to 59," 2,134 "," 1,974 "," 1,628 "," 1,565 ",,,,,,,,,
27041,Douglas,60 to 64," 1,706 "," 1,795 "," 1,654 "," 1,364 ",,,,,,,,,
27041,Douglas,65 to 74," 1,269 "," 1,454 "," 1,565 "," 1,540 ",,,,,,,,,
27041,Douglas,75+, 264 , 313 , 378 , 441 ,,,,,,,,,
27043,Faribault,16 to 19, 381 , 377 , 368 , 326 ,,,,,,,,,
27043,Faribault,20 to 24, 631 , 810 , 797 , 778 ,,,,,,,,,
27043,Faribault,25 to 29, 561 , 557 , 727 , 716 ,,,,,,,,,
27043,Faribault,30 to 34, 651 , 546 , 539 , 704 ,,,,,,,,,
27043,Faribault,35 to 44," 1,301 "," 1,338 "," 1,202 "," 1,086 ",,,,,,,,,
27043,Faribault,45 to 54," 1,515 "," 1,237 "," 1,194 "," 1,223 ",,,,,,,,,
27043,Faribault,55 to 59, 940 , 747 , 581 , 495 ,,,,,,,,,
27043,Faribault,60 to 64, 687 , 754 , 597 , 463 ,,,,,,,,,
27043,Faribault,65 to 74, 554 , 649 , 732 , 682 ,,,,,,,,,
27043,Faribault,75+, 84 , 86 , 95 , 109 ,,,,,,,,,
27045,Fillmore,16 to 19, 479 , 550 , 543 , 461 ,,,,,,,,,
27045,Fillmore,20 to 24, 978 ," 1,238 "," 1,391 "," 1,361 ",,,,,,,,,
27045,Fillmore,25 to 29, 848 , 820 ," 1,084 "," 1,236 ",,,,,,,,,
27045,Fillmore,30 to 34," 1,005 ", 789 , 763 ," 1,008 ",,,,,,,,,
27045,Fillmore,35 to 44," 2,084 "," 2,007 "," 1,755 "," 1,507 ",,,,,,,,,
27045,Fillmore,45 to 54," 2,371 "," 1,985 "," 1,877 "," 1,791 ",,,,,,,,,
27045,Fillmore,55 to 59," 1,330 "," 1,173 ", 884 , 820 ,,,,,,,,,
27045,Fillmore,60 to 64, 948 , 993 , 874 , 654 ,,,,,,,,,
27045,Fillmore,65 to 74, 730 , 853 , 929 , 886 ,,,,,,,,,
27045,Fillmore,75+, 157 , 167 , 188 , 214 ,,,,,,,,,
27047,Freeborn,16 to 19, 804 , 919 , 898 , 793 ,,,,,,,,,
27047,Freeborn,20 to 24," 1,416 "," 1,689 "," 1,894 "," 1,847 ",,,,,,,,,
27047,Freeborn,25 to 29," 1,392 "," 1,238 "," 1,520 "," 1,728 ",,,,,,,,,
27047,Freeborn,30 to 34," 1,480 "," 1,297 "," 1,151 "," 1,418 ",,,,,,,,,
27047,Freeborn,35 to 44," 2,755 "," 2,696 "," 2,533 "," 2,220 ",,,,,,,,,
27047,Freeborn,45 to 54," 3,548 "," 2,857 "," 2,597 "," 2,538 ",,,,,,,,,
27047,Freeborn,55 to 59," 1,924 "," 1,743 "," 1,306 "," 1,132 ",,,,,,,,,
27047,Freeborn,60 to 64," 1,429 "," 1,537 "," 1,392 "," 1,039 ",,,,,,,,,
27047,Freeborn,65 to 74, 942 ," 1,061 "," 1,150 "," 1,131 ",,,,,,,,,
27047,Freeborn,75+, 157 , 169 , 188 , 209 ,,,,,,,,,
27049,Goodhue,16 to 19," 1,284 "," 1,386 "," 1,336 "," 1,163 ",,,,,,,,,
27049,Goodhue,20 to 24," 2,182 "," 2,872 "," 3,057 "," 2,944 ",,,,,,,,,
27049,Goodhue,25 to 29," 2,015 "," 1,949 "," 2,662 "," 2,844 ",,,,,,,,,
27049,Goodhue,30 to 34," 2,191 "," 1,816 "," 1,750 "," 2,400 ",,,,,,,,,
27049,Goodhue,35 to 44," 4,557 "," 4,413 "," 3,946 "," 3,471 ",,,,,,,,,
27049,Goodhue,45 to 54," 5,644 "," 4,581 "," 4,279 "," 4,111 ",,,,,,,,,
27049,Goodhue,55 to 59," 2,944 "," 2,860 "," 2,093 "," 1,884 ",,,,,,,,,
27049,Goodhue,60 to 64," 2,273 "," 2,494 "," 2,417 "," 1,760 ",,,,,,,,,
27049,Goodhue,65 to 74," 1,355 "," 1,664 "," 1,884 "," 1,928 ",,,,,,,,,
27049,Goodhue,75+, 363 , 407 , 488 , 585 ,,,,,,,,,
27051,Grant,16 to 19, 121 , 144 , 154 , 129 ,,,,,,,,,
27051,Grant,20 to 24, 262 , 315 , 365 , 388 ,,,,,,,,,
27051,Grant,25 to 29, 224 , 206 , 256 , 304 ,,,,,,,,,
27051,Grant,30 to 34, 282 , 215 , 197 , 245 ,,,,,,,,,
27051,Grant,35 to 44, 570 , 599 , 545 , 454 ,,,,,,,,,
27051,Grant,45 to 54, 623 , 513 , 515 , 541 ,,,,,,,,,
27051,Grant,55 to 59, 374 , 320 , 225 , 220 ,,,,,,,,,
27051,Grant,60 to 64, 283 , 298 , 255 , 178 ,,,,,,,,,
27051,Grant,65 to 74, 209 , 230 , 247 , 234 ,,,,,,,,,
27051,Grant,75+, 60 , 65 , 74 , 83 ,,,,,,,,,
27053,Hennepin,16 to 19," 27,063 "," 31,495 "," 34,015 "," 36,865 ",,,,,,,,,
27053,Hennepin,20 to 24," 64,429 "," 63,868 "," 74,413 "," 80,007 ",,,,,,,,,
27053,Hennepin,25 to 29," 95,800 "," 95,739 "," 96,230 "," 108,680 ",,,,,,,,,
27053,Hennepin,30 to 34," 87,857 "," 81,531 "," 81,317 "," 80,953 ",,,,,,,,,
27053,Hennepin,35 to 44," 140,422 "," 147,528 "," 143,794 "," 135,629 ",,,,,,,,,
27053,Hennepin,45 to 54," 141,170 "," 138,156 "," 144,689 "," 152,164 ",,,,,,,,,
27053,Hennepin,55 to 59," 66,929 "," 70,122 "," 66,306 "," 67,605 ",,,,,,,,,
27053,Hennepin,60 to 64," 47,090 "," 51,524 "," 54,207 "," 51,076 ",,,,,,,,,
27053,Hennepin,65 to 74," 28,142 "," 36,561 "," 42,521 "," 45,490 ",,,,,,,,,
27053,Hennepin,75+," 4,533 "," 4,781 "," 5,350 "," 6,460 ",,,,,,,,,
27055,Houston,16 to 19, 517 , 597 , 546 , 444 ,,,,,,,,,
27055,Houston,20 to 24, 933 ," 1,160 "," 1,308 "," 1,204 ",,,,,,,,,
27055,Houston,25 to 29, 720 , 715 , 944 ," 1,089 ",,,,,,,,,
27055,Houston,30 to 34, 904 , 689 , 685 , 904 ,,,,,,,,,
27055,Houston,35 to 44," 1,851 "," 1,783 "," 1,566 "," 1,347 ",,,,,,,,,
27055,Houston,45 to 54," 2,353 "," 1,862 "," 1,706 "," 1,635 ",,,,,,,,,
27055,Houston,55 to 59," 1,375 "," 1,227 ", 862 , 775 ,,,,,,,,,
27055,Houston,60 to 64, 922 ," 1,028 ", 917 , 642 ,,,,,,,,,
27055,Houston,65 to 74, 532 , 664 , 771 , 764 ,,,,,,,,,
27055,Houston,75+, 109 , 118 , 139 , 168 ,,,,,,,,,
27057,Hubbard,16 to 19, 520 , 580 , 624 , 561 ,,,,,,,,,
27057,Hubbard,20 to 24, 787 ," 1,082 "," 1,197 "," 1,281 ",,,,,,,,,
27057,Hubbard,25 to 29, 658 , 663 , 935 ," 1,040 ",,,,,,,,,
27057,Hubbard,30 to 34, 875 , 708 , 712 ," 1,010 ",,,,,,,,,
27057,Hubbard,35 to 44," 1,759 "," 1,725 "," 1,582 "," 1,418 ",,,,,,,,,
27057,Hubbard,45 to 54," 2,344 "," 1,859 "," 1,690 "," 1,654 ",,,,,,,,,
27057,Hubbard,55 to 59," 1,268 "," 1,203 ", 868 , 766 ,,,,,,,,,
27057,Hubbard,60 to 64, 886 , 858 , 814 , 587 ,,,,,,,,,
27057,Hubbard,65 to 74, 601 , 677 , 686 , 657 ,,,,,,,,,
27057,Hubbard,75+, 134 , 174 , 219 , 254 ,,,,,,,,,
27059,Isanti,16 to 19," 1,151 "," 1,263 "," 1,236 "," 1,038 ",,,,,,,,,
27059,Isanti,20 to 24," 1,875 "," 2,464 "," 2,663 "," 2,596 ",,,,,,,,,
27059,Isanti,25 to 29," 1,941 "," 1,822 "," 2,451 "," 2,651 ",,,,,,,,,
27059,Isanti,30 to 34," 2,192 "," 1,895 "," 1,767 "," 2,382 ",,,,,,,,,
27059,Isanti,35 to 44," 4,198 "," 4,150 "," 3,913 "," 3,461 ",,,,,,,,,
27059,Isanti,45 to 54," 5,073 "," 4,307 "," 3,965 "," 3,876 ",,,,,,,,,
27059,Isanti,55 to 59," 2,321 "," 2,471 "," 1,953 "," 1,756 ",,,,,,,,,
27059,Isanti,60 to 64," 1,416 "," 1,746 "," 1,850 "," 1,454 ",,,,,,,,,
27059,Isanti,65 to 74, 921 ," 1,131 "," 1,390 "," 1,567 ",,,,,,,,,
27059,Isanti,75+, 141 , 174 , 216 , 266 ,,,,,,,,,
27061,Itasca,16 to 19," 1,209 "," 1,262 "," 1,223 "," 1,107 ",,,,,,,,,
27061,Itasca,20 to 24," 2,005 "," 2,459 "," 2,550 "," 2,475 ",,,,,,,,,
27061,Itasca,25 to 29," 1,615 "," 1,770 "," 2,197 "," 2,280 ",,,,,,,,,
27061,Itasca,30 to 34," 1,949 "," 1,699 "," 1,855 "," 2,303 ",,,,,,,,,
27061,Itasca,35 to 44," 4,175 "," 4,131 "," 3,863 "," 3,749 ",,,,,,,,,
27061,Itasca,45 to 54," 4,875 "," 4,215 "," 4,033 "," 3,967 ",,,,,,,,,
27061,Itasca,55 to 59," 2,710 "," 2,378 "," 1,886 "," 1,776 ",,,,,,,,,
27061,Itasca,60 to 64," 1,850 "," 1,791 "," 1,566 "," 1,240 ",,,,,,,,,
27061,Itasca,65 to 74, 878 ," 1,076 "," 1,151 "," 1,057 ",,,,,,,,,
27061,Itasca,75+, 223 , 273 , 342 , 422 ,,,,,,,,,
27063,Jackson,16 to 19, 274 , 300 , 288 , 269 ,,,,,,,,,
27063,Jackson,20 to 24, 539 , 609 , 660 , 632 ,,,,,,,,,
27063,Jackson,25 to 29, 471 , 486 , 552 , 601 ,,,,,,,,,
27063,Jackson,30 to 34, 538 , 474 , 485 , 551 ,,,,,,,,,
27063,Jackson,35 to 44," 1,010 "," 1,014 ", 991 , 936 ,,,,,,,,,
27063,Jackson,45 to 54," 1,153 ", 990 , 951 , 949 ,,,,,,,,,
27063,Jackson,55 to 59, 699 , 662 , 487 , 492 ,,,,,,,,,
27063,Jackson,60 to 64, 494 , 544 , 512 , 376 ,,,,,,,,,
27063,Jackson,65 to 74, 356 , 452 , 532 , 537 ,,,,,,,,,
27063,Jackson,75+, 96 , 97 , 109 , 132 ,,,,,,,,,
27065,Kanabec,16 to 19, 456 , 495 , 451 , 345 ,,,,,,,,,
27065,Kanabec,20 to 24, 746 , 943 ," 1,014 ", 932 ,,,,,,,,,
27065,Kanabec,25 to 29, 619 , 618 , 811 , 884 ,,,,,,,,,
27065,Kanabec,30 to 34, 754 , 602 , 603 , 796 ,,,,,,,,,
27065,Kanabec,35 to 44," 1,514 "," 1,387 "," 1,210 "," 1,078 ",,,,,,,,,
27065,Kanabec,45 to 54," 1,756 "," 1,466 "," 1,363 "," 1,248 ",,,,,,,,,
27065,Kanabec,55 to 59," 1,021 ", 870 , 637 , 616 ,,,,,,,,,
27065,Kanabec,60 to 64, 643 , 693 , 592 , 433 ,,,,,,,,,
27065,Kanabec,65 to 74, 381 , 449 , 506 , 487 ,,,,,,,,,
27065,Kanabec,75+, 93 , 114 , 137 , 164 ,,,,,,,,,
27067,Kandiyohi,16 to 19," 1,039 "," 1,166 "," 1,166 "," 1,071 ",,,,,,,,,
27067,Kandiyohi,20 to 24," 2,388 "," 2,392 "," 2,639 "," 2,639 ",,,,,,,,,
27067,Kandiyohi,25 to 29," 2,158 "," 2,153 "," 2,148 "," 2,406 ",,,,,,,,,
27067,Kandiyohi,30 to 34," 2,211 "," 2,055 "," 2,041 "," 2,038 ",,,,,,,,,
27067,Kandiyohi,35 to 44," 4,117 "," 4,315 "," 4,323 "," 4,142 ",,,,,,,,,
27067,Kandiyohi,45 to 54," 4,533 "," 3,930 "," 3,815 "," 3,983 ",,,,,,,,,
27067,Kandiyohi,55 to 59," 2,817 "," 2,437 "," 1,933 "," 1,830 ",,,,,,,,,
27067,Kandiyohi,60 to 64," 2,082 "," 2,238 "," 1,927 "," 1,530 ",,,,,,,,,
27067,Kandiyohi,65 to 74," 1,150 "," 1,454 "," 1,680 "," 1,614 ",,,,,,,,,
27067,Kandiyohi,75+, 215 , 231 , 272 , 337 ,,,,,,,,,
27069,Kittson,16 to 19, 150 , 135 , 117 , 107 ,,,,,,,,,
27069,Kittson,20 to 24, 210 , 274 , 247 , 215 ,,,,,,,,,
27069,Kittson,25 to 29, 158 , 182 , 241 , 216 ,,,,,,,,,
27069,Kittson,30 to 34, 157 , 154 , 176 , 232 ,,,,,,,,,
27069,Kittson,35 to 44, 379 , 318 , 303 , 317 ,,,,,,,,,
27069,Kittson,45 to 54, 498 , 393 , 321 , 266 ,,,,,,,,,
27069,Kittson,55 to 59, 305 , 274 , 195 , 170 ,,,,,,,,,
27069,Kittson,60 to 64, 232 , 219 , 195 , 138 ,,,,,,,,,
27069,Kittson,65 to 74, 149 , 187 , 197 , 179 ,,,,,,,,,
27069,Kittson,75+, 19 , 19 , 21 , 25 ,,,,,,,,,
27071,Koochiching,16 to 19, 312 , 301 , 238 , 182 ,,,,,,,,,
27071,Koochiching,20 to 24, 626 , 750 , 726 , 591 ,,,,,,,,,
27071,Koochiching,25 to 29, 458 , 460 , 572 , 561 ,,,,,,,,,
27071,Koochiching,30 to 34, 478 , 412 , 416 , 522 ,,,,,,,,,
27071,Koochiching,35 to 44," 1,090 ", 965 , 882 , 831 ,,,,,,,,,
27071,Koochiching,45 to 54," 1,480 "," 1,162 ", 956 , 857 ,,,,,,,,,
27071,Koochiching,55 to 59, 877 , 674 , 509 , 422 ,,,,,,,,,
27071,Koochiching,60 to 64, 460 , 434 , 334 , 255 ,,,,,,,,,
27071,Koochiching,65 to 74, 334 , 404 , 422 , 366 ,,,,,,,,,
27071,Koochiching,75+, 70 , 76 , 89 , 107 ,,,,,,,,,
27073,Lac qui Parle,16 to 19, 179 , 173 , 152 , 133 ,,,,,,,,,
27073,Lac qui Parle,20 to 24, 291 , 373 , 362 , 323 ,,,,,,,,,
27073,Lac qui Parle,25 to 29, 216 , 224 , 304 , 298 ,,,,,,,,,
27073,Lac qui Parle,30 to 34, 252 , 190 , 199 , 273 ,,,,,,,,,
27073,Lac qui Parle,35 to 44, 531 , 496 , 419 , 375 ,,,,,,,,,
27073,Lac qui Parle,45 to 54, 738 , 517 , 446 , 422 ,,,,,,,,,
27073,Lac qui Parle,55 to 59, 528 , 411 , 265 , 209 ,,,,,,,,,
27073,Lac qui Parle,60 to 64, 445 , 430 , 336 , 219 ,,,,,,,,,
27073,Lac qui Parle,65 to 74, 260 , 303 , 323 , 285 ,,,,,,,,,
27073,Lac qui Parle,75+, 54 , 50 , 52 , 59 ,,,,,,,,,
27075,Lake,16 to 19, 240 , 252 , 252 , 226 ,,,,,,,,,
27075,Lake,20 to 24, 436 , 547 , 570 , 570 ,,,,,,,,,
27075,Lake,25 to 29, 430 , 344 , 450 , 476 ,,,,,,,,,
27075,Lake,30 to 34, 392 , 361 , 288 , 381 ,,,,,,,,,
27075,Lake,35 to 44, 878 , 862 , 829 , 717 ,,,,,,,,,
27075,Lake,45 to 54," 1,176 ", 883 , 797 , 790 ,,,,,,,,,
27075,Lake,55 to 59, 702 , 579 , 393 , 333 ,,,,,,,,,
27075,Lake,60 to 64, 432 , 418 , 345 , 235 ,,,,,,,,,
27075,Lake,65 to 74, 204 , 239 , 254 , 229 ,,,,,,,,,
27075,Lake,75+, 65 , 69 , 78 , 90 ,,,,,,,,,
27077,Lake of the Woods,16 to 19, 46 , 49 , 44 , 36 ,,,,,,,,,
27077,Lake of the Woods,20 to 24, 176 , 208 , 224 , 201 ,,,,,,,,,
27077,Lake of the Woods,25 to 29, 137 , 137 , 167 , 184 ,,,,,,,,,
27077,Lake of the Woods,30 to 34, 134 , 110 , 110 , 135 ,,,,,,,,,
27077,Lake of the Woods,35 to 44, 332 , 310 , 267 , 244 ,,,,,,,,,
27077,Lake of the Woods,45 to 54, 503 , 353 , 299 , 282 ,,,,,,,,,
27077,Lake of the Woods,55 to 59, 348 , 269 , 182 , 137 ,,,,,,,,,
27077,Lake of the Woods,60 to 64, 247 , 248 , 193 , 132 ,,,,,,,,,
27077,Lake of the Woods,65 to 74, 47 , 58 , 63 , 57 ,,,,,,,,,
27077,Lake of the Woods,75+, 30 , 36 , 44 , 55 ,,,,,,,,,
27079,Le Sueur,16 to 19, 897 ," 1,000 ", 913 , 746 ,,,,,,,,,
27079,Le Sueur,20 to 24," 1,329 "," 1,763 "," 1,945 "," 1,781 ",,,,,,,,,
27079,Le Sueur,25 to 29," 1,210 "," 1,224 "," 1,676 "," 1,860 ",,,,,,,,,
27079,Le Sueur,30 to 34," 1,533 "," 1,217 "," 1,230 "," 1,681 ",,,,,,,,,
27079,Le Sueur,35 to 44," 3,064 "," 3,035 "," 2,733 "," 2,424 ",,,,,,,,,
27079,Le Sueur,45 to 54," 3,584 "," 3,161 "," 2,943 "," 2,899 ",,,,,,,,,
27079,Le Sueur,55 to 59," 1,811 "," 1,822 "," 1,576 "," 1,405 ",,,,,,,,,
27079,Le Sueur,60 to 64," 1,133 "," 1,275 "," 1,281 "," 1,103 ",,,,,,,,,
27079,Le Sueur,65 to 74, 636 , 792 , 921 , 973 ,,,,,,,,,
27079,Le Sueur,75+, 132 , 159 , 201 , 249 ,,,,,,,,,
27081,Lincoln,16 to 19, 186 , 222 , 217 , 176 ,,,,,,,,,
27081,Lincoln,20 to 24, 241 , 302 , 358 , 349 ,,,,,,,,,
27081,Lincoln,25 to 29, 268 , 233 , 291 , 346 ,,,,,,,,,
27081,Lincoln,30 to 34, 260 , 267 , 233 , 290 ,,,,,,,,,
27081,Lincoln,35 to 44, 559 , 534 , 513 , 485 ,,,,,,,,,
27081,Lincoln,45 to 54, 599 , 535 , 534 , 508 ,,,,,,,,,
27081,Lincoln,55 to 59, 358 , 308 , 250 , 248 ,,,,,,,,,
27081,Lincoln,60 to 64, 272 , 279 , 239 , 194 ,,,,,,,,,
27081,Lincoln,65 to 74, 212 , 240 , 264 , 247 ,,,,,,,,,
27081,Lincoln,75+, 82 , 80 , 82 , 89 ,,,,,,,,,
27083,Lyon,16 to 19, 833 , 792 , 799 , 760 ,,,,,,,,,
27083,Lyon,20 to 24," 1,559 "," 1,604 "," 1,522 "," 1,543 ",,,,,,,,,
27083,Lyon,25 to 29," 1,590 "," 1,449 "," 1,500 "," 1,427 ",,,,,,,,,
27083,Lyon,30 to 34," 1,519 "," 1,493 "," 1,358 "," 1,412 ",,,,,,,,,
27083,Lyon,35 to 44," 2,829 "," 3,012 "," 3,085 "," 2,927 ",,,,,,,,,
27083,Lyon,45 to 54," 2,788 "," 2,456 "," 2,492 "," 2,663 ",,,,,,,,,
27083,Lyon,55 to 59," 1,519 "," 1,377 "," 1,098 "," 1,077 ",,,,,,,,,
27083,Lyon,60 to 64," 1,012 "," 1,149 "," 1,039 ", 833 ,,,,,,,,,
27083,Lyon,65 to 74, 658 , 841 ," 1,006 "," 1,020 ",,,,,,,,,
27083,Lyon,75+, 162 , 163 , 188 , 233 ,,,,,,,,,
27085,McLeod,16 to 19," 1,116 "," 1,194 "," 1,095 ", 988 ,,,,,,,,,
27085,McLeod,20 to 24," 1,912 "," 2,227 "," 2,363 "," 2,177 ",,,,,,,,,
27085,McLeod,25 to 29," 1,841 "," 1,805 "," 2,118 "," 2,259 ",,,,,,,,,
27085,McLeod,30 to 34," 1,939 "," 1,742 "," 1,701 "," 2,001 ",,,,,,,,,
27085,McLeod,35 to 44," 3,842 "," 3,714 "," 3,587 "," 3,355 ",,,,,,,,,
27085,McLeod,45 to 54," 4,511 "," 3,996 "," 3,616 "," 3,484 ",,,,,,,,,
27085,McLeod,55 to 59," 2,172 "," 2,197 "," 1,868 "," 1,713 ",,,,,,,,,
27085,McLeod,60 to 64," 1,459 "," 1,643 "," 1,656 "," 1,410 ",,,,,,,,,
27085,McLeod,65 to 74, 996 ," 1,163 "," 1,320 "," 1,402 ",,,,,,,,,
27085,McLeod,75+, 210 , 233 , 274 , 320 ,,,,,,,,,
27087,Mahnomen,16 to 19, 150 , 182 , 192 , 200 ,,,,,,,,,
27087,Mahnomen,20 to 24, 241 , 291 , 345 , 358 ,,,,,,,,,
27087,Mahnomen,25 to 29, 203 , 230 , 281 , 332 ,,,,,,,,,
27087,Mahnomen,30 to 34, 273 , 220 , 249 , 300 ,,,,,,,,,
27087,Mahnomen,35 to 44, 459 , 464 , 421 , 393 ,,,,,,,,,
27087,Mahnomen,45 to 54, 484 , 423 , 410 , 408 ,,,,,,,,,
27087,Mahnomen,55 to 59, 299 , 252 , 199 , 188 ,,,,,,,,,
27087,Mahnomen,60 to 64, 169 , 186 , 156 , 122 ,,,,,,,,,
27087,Mahnomen,65 to 74, 169 , 194 , 208 , 198 ,,,,,,,,,
27087,Mahnomen,75+, 29 , 33 , 40 , 46 ,,,,,,,,,
27089,Marshall,16 to 19, 218 , 236 , 221 , 206 ,,,,,,,,,
27089,Marshall,20 to 24, 429 , 551 , 587 , 551 ,,,,,,,,,
27089,Marshall,25 to 29, 392 , 393 , 512 , 549 ,,,,,,,,,
27089,Marshall,30 to 34, 491 , 408 , 407 , 532 ,,,,,,,,,
27089,Marshall,35 to 44, 906 , 902 , 844 , 759 ,,,,,,,,,
27089,Marshall,45 to 54," 1,062 ", 881 , 821 , 810 ,,,,,,,,,
27089,Marshall,55 to 59, 604 , 574 , 423 , 395 ,,,,,,,,,
27089,Marshall,60 to 64, 457 , 475 , 450 , 330 ,,,,,,,,,
27089,Marshall,65 to 74, 308 , 376 , 421 , 415 ,,,,,,,,,
27089,Marshall,75+, 59 , 64 , 73 , 86 ,,,,,,,,,
27091,Martin,16 to 19, 597 , 640 , 617 , 520 ,,,,,,,,,
27091,Martin,20 to 24, 955 ," 1,089 "," 1,156 "," 1,114 ",,,,,,,,,
27091,Martin,25 to 29, 808 , 799 , 920 , 983 ,,,,,,,,,
27091,Martin,30 to 34, 986 , 865 , 849 , 980 ,,,,,,,,,
27091,Martin,35 to 44," 1,838 "," 1,841 "," 1,766 "," 1,628 ",,,,,,,,,
27091,Martin,45 to 54," 2,136 "," 1,732 "," 1,593 "," 1,587 ",,,,,,,,,
27091,Martin,55 to 59," 1,379 "," 1,171 ", 855 , 773 ,,,,,,,,,
27091,Martin,60 to 64, 984 ," 1,037 ", 875 , 640 ,,,,,,,,,
27091,Martin,65 to 74, 685 , 832 , 927 , 874 ,,,,,,,,,
27091,Martin,75+, 160 , 159 , 178 , 209 ,,,,,,,,,
27093,Meeker,16 to 19, 671 , 706 , 687 , 577 ,,,,,,,,,
27093,Meeker,20 to 24," 1,085 "," 1,371 "," 1,432 "," 1,394 ",,,,,,,,,
27093,Meeker,25 to 29, 978 ," 1,012 "," 1,291 "," 1,351 ",,,,,,,,,
27093,Meeker,30 to 34," 1,100 ", 951 , 980 ," 1,252 ",,,,,,,,,
27093,Meeker,35 to 44," 2,174 "," 2,091 "," 1,895 "," 1,783 ",,,,,,,,,
27093,Meeker,45 to 54," 2,722 "," 2,297 "," 2,164 "," 2,072 ",,,,,,,,,
27093,Meeker,55 to 59," 1,454 "," 1,362 "," 1,058 ", 971 ,,,,,,,,,
27093,Meeker,60 to 64," 1,081 "," 1,098 "," 1,024 ", 795 ,,,,,,,,,
27093,Meeker,65 to 74, 656 , 820 , 912 , 885 ,,,,,,,,,
27093,Meeker,75+, 130 , 144 , 171 , 210 ,,,,,,,,,
27095,Mille Lacs,16 to 19, 661 , 698 , 692 , 606 ,,,,,,,,,
27095,Mille Lacs,20 to 24," 1,236 "," 1,519 "," 1,594 "," 1,574 ",,,,,,,,,
27095,Mille Lacs,25 to 29," 1,077 "," 1,058 "," 1,312 "," 1,375 ",,,,,,,,,
27095,Mille Lacs,30 to 34," 1,329 "," 1,118 "," 1,095 "," 1,356 ",,,,,,,,,
27095,Mille Lacs,35 to 44," 2,618 "," 2,577 "," 2,384 "," 2,145 ",,,,,,,,,
27095,Mille Lacs,45 to 54," 2,955 "," 2,521 "," 2,358 "," 2,306 ",,,,,,,,,
27095,Mille Lacs,55 to 59," 1,322 "," 1,333 "," 1,055 ", 967 ,,,,,,,,,
27095,Mille Lacs,60 to 64, 861 , 957 , 962 , 759 ,,,,,,,,,
27095,Mille Lacs,65 to 74, 595 , 670 , 759 , 796 ,,,,,,,,,
27095,Mille Lacs,75+, 81 , 94 , 106 , 121 ,,,,,,,,,
27097,Morrison,16 to 19, 980 ," 1,044 "," 1,056 ", 894 ,,,,,,,,,
27097,Morrison,20 to 24," 1,576 "," 1,858 "," 1,973 "," 2,001 ",,,,,,,,,
27097,Morrison,25 to 29," 1,419 "," 1,391 "," 1,660 "," 1,775 ",,,,,,,,,
27097,Morrison,30 to 34," 1,764 "," 1,495 "," 1,468 "," 1,758 ",,,,,,,,,
27097,Morrison,35 to 44," 3,457 "," 3,503 "," 3,256 "," 2,975 ",,,,,,,,,
27097,Morrison,45 to 54," 3,978 "," 3,330 "," 3,144 "," 3,202 ",,,,,,,,,
27097,Morrison,55 to 59," 2,052 "," 1,905 "," 1,533 "," 1,349 ",,,,,,,,,
27097,Morrison,60 to 64," 1,393 "," 1,537 "," 1,430 "," 1,154 ",,,,,,,,,
27097,Morrison,65 to 74, 662 , 813 , 952 , 967 ,,,,,,,,,
27097,Morrison,75+, 216 , 242 , 287 , 352 ,,,,,,,,,
27099,Mower,16 to 19," 1,253 "," 1,399 "," 1,379 "," 1,250 ",,,,,,,,,
27099,Mower,20 to 24," 1,944 "," 2,152 "," 2,372 "," 2,326 ",,,,,,,,,
27099,Mower,25 to 29," 1,924 "," 1,852 "," 2,066 "," 2,293 ",,,,,,,,,
27099,Mower,30 to 34," 2,098 "," 1,879 "," 1,802 "," 2,004 ",,,,,,,,,
27099,Mower,35 to 44," 3,974 "," 3,916 "," 3,786 "," 3,484 ",,,,,,,,,
27099,Mower,45 to 54," 4,508 "," 4,083 "," 3,843 "," 3,758 ",,,,,,,,,
27099,Mower,55 to 59," 2,108 "," 2,022 "," 1,717 "," 1,645 ",,,,,,,,,
27099,Mower,60 to 64," 1,521 "," 1,623 "," 1,552 "," 1,312 ",,,,,,,,,
27099,Mower,65 to 74, 934 ," 1,155 "," 1,297 "," 1,300 ",,,,,,,,,
27099,Mower,75+, 229 , 231 , 258 , 302 ,,,,,,,,,
27101,Murray,16 to 19, 256 , 258 , 251 , 221 ,,,,,,,,,
27101,Murray,20 to 24, 369 , 430 , 432 , 424 ,,,,,,,,,
27101,Murray,25 to 29, 333 , 361 , 420 , 425 ,,,,,,,,,
27101,Murray,30 to 34, 375 , 329 , 359 , 420 ,,,,,,,,,
27101,Murray,35 to 44, 737 , 724 , 660 , 650 ,,,,,,,,,
27101,Murray,45 to 54, 853 , 681 , 638 , 632 ,,,,,,,,,
27101,Murray,55 to 59, 560 , 481 , 365 , 312 ,,,,,,,,,
27101,Murray,60 to 64, 456 , 449 , 387 , 295 ,,,,,,,,,
27101,Murray,65 to 74, 346 , 388 , 404 , 375 ,,,,,,,,,
27101,Murray,75+, 59 , 62 , 70 , 79 ,,,,,,,,,
27103,Nicollet,16 to 19," 1,279 "," 1,131 "," 1,117 ", 985 ,,,,,,,,,
27103,Nicollet,20 to 24," 2,283 "," 2,206 "," 1,967 "," 1,946 ",,,,,,,,,
27103,Nicollet,25 to 29," 2,077 "," 2,194 "," 2,094 "," 1,829 ",,,,,,,,,
27103,Nicollet,30 to 34," 2,098 "," 2,116 "," 2,222 "," 2,123 ",,,,,,,,,
27103,Nicollet,35 to 44," 3,596 "," 4,027 "," 4,301 "," 4,419 ",,,,,,,,,
27103,Nicollet,45 to 54," 3,604 "," 3,284 "," 3,392 "," 3,783 ",,,,,,,,,
27103,Nicollet,55 to 59," 2,026 "," 1,957 "," 1,641 "," 1,616 ",,,,,,,,,
27103,Nicollet,60 to 64," 1,594 "," 1,738 "," 1,669 "," 1,401 ",,,,,,,,,
27103,Nicollet,65 to 74, 786 ," 1,043 "," 1,206 "," 1,229 ",,,,,,,,,
27103,Nicollet,75+, 174 , 197 , 254 , 329 ,,,,,,,,,
27105,Nobles,16 to 19, 535 , 575 , 598 , 596 ,,,,,,,,,
27105,Nobles,20 to 24," 1,213 "," 1,302 "," 1,376 "," 1,420 ",,,,,,,,,
27105,Nobles,25 to 29," 1,121 "," 1,005 "," 1,095 "," 1,174 ",,,,,,,,,
27105,Nobles,30 to 34," 1,199 "," 1,100 ", 983 ," 1,071 ",,,,,,,,,
27105,Nobles,35 to 44," 2,132 "," 2,237 "," 2,250 "," 2,036 ",,,,,,,,,
27105,Nobles,45 to 54," 2,164 "," 1,905 "," 1,815 "," 1,906 ",,,,,,,,,
27105,Nobles,55 to 59," 1,227 "," 1,096 ", 910 , 842 ,,,,,,,,,
27105,Nobles,60 to 64, 915 ," 1,008 ", 898 , 746 ,,,,,,,,,
27105,Nobles,65 to 74, 600 , 734 , 842 , 832 ,,,,,,,,,
27105,Nobles,75+, 101 , 101 , 113 , 134 ,,,,,,,,,
27107,Norman,16 to 19, 135 , 135 , 112 , 92 ,,,,,,,,,
27107,Norman,20 to 24, 284 , 393 , 389 , 326 ,,,,,,,,,
27107,Norman,25 to 29, 206 , 240 , 348 , 346 ,,,,,,,,,
27107,Norman,30 to 34, 280 , 208 , 242 , 352 ,,,,,,,,,
27107,Norman,35 to 44, 625 , 556 , 453 , 419 ,,,,,,,,,
27107,Norman,45 to 54, 772 , 616 , 567 , 499 ,,,,,,,,,
27107,Norman,55 to 59, 366 , 347 , 234 , 225 ,,,,,,,,,
27107,Norman,60 to 64, 261 , 272 , 257 , 173 ,,,,,,,,,
27107,Norman,65 to 74, 200 , 225 , 241 , 238 ,,,,,,,,,
27107,Norman,75+, 45 , 46 , 49 , 54 ,,,,,,,,,
27109,Olmsted,16 to 19," 4,264 "," 5,303 "," 5,625 "," 5,418 ",,,,,,,,,
27109,Olmsted,20 to 24," 7,641 "," 9,712 "," 11,655 "," 12,185 ",,,,,,,,,
27109,Olmsted,25 to 29," 8,928 "," 7,014 "," 9,200 "," 11,192 ",,,,,,,,,
27109,Olmsted,30 to 34," 10,372 "," 8,723 "," 6,758 "," 8,881 ",,,,,,,,,
27109,Olmsted,35 to 44," 17,152 "," 18,927 "," 18,105 "," 14,299 ",,,,,,,,,
27109,Olmsted,45 to 54," 17,674 "," 16,037 "," 16,964 "," 18,566 ",,,,,,,,,
27109,Olmsted,55 to 59," 9,008 "," 9,079 "," 7,371 "," 7,379 ",,,,,,,,,
27109,Olmsted,60 to 64," 6,088 "," 7,432 "," 7,460 "," 6,010 ",,,,,,,,,
27109,Olmsted,65 to 74," 3,234 "," 4,249 "," 5,361 "," 5,847 ",,,,,,,,,
27109,Olmsted,75+, 608 , 716 , 881 ," 1,122 ",,,,,,,,,
27111,Otter Tail,16 to 19," 1,503 "," 1,540 "," 1,540 "," 1,465 ",,,,,,,,,
27111,Otter Tail,20 to 24," 2,581 "," 3,081 "," 3,140 "," 3,138 ",,,,,,,,,
27111,Otter Tail,25 to 29," 2,240 "," 2,414 "," 2,915 "," 2,973 ",,,,,,,,,
27111,Otter Tail,30 to 34," 2,617 "," 2,277 "," 2,444 "," 2,951 ",,,,,,,,,
27111,Otter Tail,35 to 44," 4,931 "," 5,180 "," 4,964 "," 4,776 ",,,,,,,,,
27111,Otter Tail,45 to 54," 6,439 "," 5,061 "," 4,719 "," 4,939 ",,,,,,,,,
27111,Otter Tail,55 to 59," 3,781 "," 3,374 "," 2,485 "," 2,090 ",,,,,,,,,
27111,Otter Tail,60 to 64," 2,537 "," 2,672 "," 2,376 "," 1,748 ",,,,,,,,,
27111,Otter Tail,65 to 74," 1,776 "," 2,071 "," 2,253 "," 2,175 ",,,,,,,,,
27111,Otter Tail,75+, 335 , 383 , 457 , 535 ,,,,,,,,,
27113,Pennington,16 to 19, 393 , 428 , 446 , 442 ,,,,,,,,,
27113,Pennington,20 to 24, 804 , 929 , 991 ," 1,022 ",,,,,,,,,
27113,Pennington,25 to 29, 834 , 657 , 787 , 851 ,,,,,,,,,
27113,Pennington,30 to 34, 857 , 808 , 631 , 757 ,,,,,,,,,
27113,Pennington,35 to 44," 1,551 "," 1,604 "," 1,624 "," 1,389 ",,,,,,,,,
27113,Pennington,45 to 54," 1,587 "," 1,437 "," 1,402 "," 1,443 ",,,,,,,,,
27113,Pennington,55 to 59, 867 , 797 , 657 , 649 ,,,,,,,,,
27113,Pennington,60 to 64, 610 , 683 , 625 , 515 ,,,,,,,,,
27113,Pennington,65 to 74, 411 , 507 , 592 , 596 ,,,,,,,,,
27113,Pennington,75+, 47 , 53 , 64 , 78 ,,,,,,,,,
27115,Pine,16 to 19, 664 , 746 , 684 , 592 ,,,,,,,,,
27115,Pine,20 to 24," 1,251 "," 1,507 "," 1,674 "," 1,546 ",,,,,,,,,
27115,Pine,25 to 29," 1,127 "," 1,002 "," 1,234 "," 1,381 ",,,,,,,,,
27115,Pine,30 to 34," 1,394 "," 1,145 "," 1,017 "," 1,257 ",,,,,,,,,
27115,Pine,35 to 44," 2,585 "," 2,614 "," 2,417 "," 2,056 ",,,,,,,,,
27115,Pine,45 to 54," 3,331 "," 2,729 "," 2,546 "," 2,579 ",,,,,,,,,
27115,Pine,55 to 59," 1,593 "," 1,550 "," 1,191 "," 1,045 ",,,,,,,,,
27115,Pine,60 to 64, 911 ," 1,014 ", 989 , 759 ,,,,,,,,,
27115,Pine,65 to 74, 610 , 712 , 822 , 854 ,,,,,,,,,
27115,Pine,75+, 139 , 171 , 202 , 241 ,,,,,,,,,
27117,Pipestone,16 to 19, 274 , 313 , 292 , 247 ,,,,,,,,,
27117,Pipestone,20 to 24, 403 , 490 , 548 , 511 ,,,,,,,,,
27117,Pipestone,25 to 29, 396 , 354 , 450 , 514 ,,,,,,,,,
27117,Pipestone,30 to 34, 424 , 363 , 323 , 411 ,,,,,,,,,
27117,Pipestone,35 to 44, 803 , 764 , 724 , 630 ,,,,,,,,,
27117,Pipestone,45 to 54," 1,021 ", 821 , 721 , 682 ,,,,,,,,,
27117,Pipestone,55 to 59, 579 , 516 , 370 , 333 ,,,,,,,,,
27117,Pipestone,60 to 64, 406 , 455 , 403 , 288 ,,,,,,,,,
27117,Pipestone,65 to 74, 337 , 402 , 449 , 444 ,,,,,,,,,
27117,Pipestone,75+, 63 , 56 , 59 , 66 ,,,,,,,,,
27119,Polk,16 to 19," 1,054 "," 1,054 "," 1,040 ", 974 ,,,,,,,,,
27119,Polk,20 to 24," 1,840 "," 1,937 "," 1,923 "," 1,897 ",,,,,,,,,
27119,Polk,25 to 29," 1,689 "," 1,719 "," 1,815 "," 1,806 ",,,,,,,,,
27119,Polk,30 to 34," 1,661 "," 1,648 "," 1,668 "," 1,763 ",,,,,,,,,
27119,Polk,35 to 44," 2,955 "," 3,058 "," 3,193 "," 3,191 ",,,,,,,,,
27119,Polk,45 to 54," 3,483 "," 2,957 "," 2,752 "," 2,836 ",,,,,,,,,
27119,Polk,55 to 59," 1,905 "," 1,806 "," 1,426 "," 1,297 ",,,,,,,,,
27119,Polk,60 to 64," 1,301 "," 1,453 "," 1,370 "," 1,080 ",,,,,,,,,
27119,Polk,65 to 74, 831 ," 1,026 "," 1,175 "," 1,200 ",,,,,,,,,
27119,Polk,75+, 114 , 122 , 145 , 174 ,,,,,,,,,
27121,Pope,16 to 19, 347 , 374 , 393 , 363 ,,,,,,,,,
27121,Pope,20 to 24, 447 , 549 , 588 , 613 ,,,,,,,,,
27121,Pope,25 to 29, 484 , 428 , 538 , 581 ,,,,,,,,,
27121,Pope,30 to 34, 551 , 477 , 420 , 531 ,,,,,,,,,
27121,Pope,35 to 44," 1,039 "," 1,081 "," 1,051 ", 920 ,,,,,,,,,
27121,Pope,45 to 54," 1,198 "," 1,012 ", 993 ," 1,033 ",,,,,,,,,
27121,Pope,55 to 59, 628 , 528 , 393 , 382 ,,,,,,,,,
27121,Pope,60 to 64, 466 , 470 , 395 , 294 ,,,,,,,,,
27121,Pope,65 to 74, 363 , 427 , 453 , 417 ,,,,,,,,,
27121,Pope,75+, 69 , 76 , 90 , 106 ,,,,,,,,,
27123,Ramsey,16 to 19," 13,065 "," 14,540 "," 15,931 "," 17,220 ",,,,,,,,,
27123,Ramsey,20 to 24," 33,884 "," 34,082 "," 37,599 "," 40,609 ",,,,,,,,,
27123,Ramsey,25 to 29," 40,675 "," 42,325 "," 42,727 "," 46,417 ",,,,,,,,,
27123,Ramsey,30 to 34," 35,510 "," 34,509 "," 36,048 "," 35,998 ",,,,,,,,,
27123,Ramsey,35 to 44," 54,245 "," 57,710 "," 58,407 "," 58,188 ",,,,,,,,,
27123,Ramsey,45 to 54," 55,165 "," 52,821 "," 54,510 "," 57,705 ",,,,,,,,,
27123,Ramsey,55 to 59," 27,714 "," 27,782 "," 25,617 "," 25,407 ",,,,,,,,,
27123,Ramsey,60 to 64," 18,652 "," 19,460 "," 19,529 "," 17,883 ",,,,,,,,,
27123,Ramsey,65 to 74," 10,184 "," 13,014 "," 14,622 "," 14,852 ",,,,,,,,,
27123,Ramsey,75+," 1,451 "," 1,507 "," 1,631 "," 1,914 ",,,,,,,,,
27125,Red Lake,16 to 19, 101 , 134 , 123 , 123 ,,,,,,,,,
27125,Red Lake,20 to 24, 170 , 219 , 285 , 259 ,,,,,,,,,
27125,Red Lake,25 to 29, 153 , 134 , 180 , 240 ,,,,,,,,,
27125,Red Lake,30 to 34, 209 , 149 , 130 , 174 ,,,,,,,,,
27125,Red Lake,35 to 44, 415 , 424 , 358 , 280 ,,,,,,,,,
27125,Red Lake,45 to 54, 453 , 375 , 377 , 381 ,,,,,,,,,
27125,Red Lake,55 to 59, 252 , 208 , 155 , 144 ,,,,,,,,,
27125,Red Lake,60 to 64, 196 , 208 , 171 , 127 ,,,,,,,,,
27125,Red Lake,65 to 74, 125 , 157 , 179 , 167 ,,,,,,,,,
27125,Red Lake,75+, 36 , 39 , 45 , 54 ,,,,,,,,,
27127,Redwood,16 to 19, 426 , 461 , 414 , 355 ,,,,,,,,,
27127,Redwood,20 to 24, 673 , 821 , 876 , 793 ,,,,,,,,,
27127,Redwood,25 to 29, 653 , 605 , 772 , 842 ,,,,,,,,,
27127,Redwood,30 to 34, 715 , 588 , 545 , 701 ,,,,,,,,,
27127,Redwood,35 to 44," 1,407 "," 1,353 "," 1,227 "," 1,076 ",,,,,,,,,
27127,Redwood,45 to 54," 1,643 "," 1,257 "," 1,103 "," 1,067 ",,,,,,,,,
27127,Redwood,55 to 59, 954 , 874 , 620 , 515 ,,,,,,,,,
27127,Redwood,60 to 64, 712 , 715 , 657 , 467 ,,,,,,,,,
27127,Redwood,65 to 74, 519 , 574 , 607 , 584 ,,,,,,,,,
27127,Redwood,75+, 95 , 93 , 98 , 108 ,,,,,,,,,
27129,Renville,16 to 19, 326 , 326 , 290 , 250 ,,,,,,,,,
27129,Renville,20 to 24, 707 , 897 , 889 , 798 ,,,,,,,,,
27129,Renville,25 to 29, 620 , 557 , 741 , 742 ,,,,,,,,,
27129,Renville,30 to 34, 679 , 544 , 488 , 654 ,,,,,,,,,
27129,Renville,35 to 44," 1,393 "," 1,295 "," 1,142 ", 965 ,,,,,,,,,
27129,Renville,45 to 54," 1,728 "," 1,328 "," 1,141 "," 1,062 ",,,,,,,,,
27129,Renville,55 to 59," 1,053 ", 879 , 626 , 522 ,,,,,,,,,
27129,Renville,60 to 64, 678 , 740 , 616 , 441 ,,,,,,,,,
27129,Renville,65 to 74, 424 , 486 , 551 , 525 ,,,,,,,,,
27129,Renville,75+, 90 , 87 , 91 , 103 ,,,,,,,,,
27131,Rice,16 to 19," 2,749 "," 2,400 "," 2,300 "," 2,048 ",,,,,,,,,
27131,Rice,20 to 24," 5,117 "," 5,214 "," 4,631 "," 4,445 ",,,,,,,,,
27131,Rice,25 to 29," 2,811 "," 3,509 "," 3,604 "," 3,077 ",,,,,,,,,
27131,Rice,30 to 34," 3,009 "," 2,840 "," 3,534 "," 3,621 ",,,,,,,,,
27131,Rice,35 to 44," 6,275 "," 6,104 "," 5,889 "," 6,400 ",,,,,,,,,
27131,Rice,45 to 54," 7,359 "," 6,633 "," 6,156 "," 5,939 ",,,,,,,,,
27131,Rice,55 to 59," 3,601 "," 3,529 "," 3,104 "," 2,828 ",,,,,,,,,
27131,Rice,60 to 64," 2,458 "," 2,847 "," 2,775 "," 2,434 ",,,,,,,,,
27131,Rice,65 to 74," 1,567 "," 1,944 "," 2,282 "," 2,402 ",,,,,,,,,
27131,Rice,75+, 292 , 337 , 407 , 493 ,,,,,,,,,
27133,Rock,16 to 19, 299 , 339 , 313 , 275 ,,,,,,,,,
27133,Rock,20 to 24, 447 , 596 , 663 , 611 ,,,,,,,,,
27133,Rock,25 to 29, 362 , 400 , 546 , 611 ,,,,,,,,,
27133,Rock,30 to 34, 406 , 326 , 359 , 491 ,,,,,,,,,
27133,Rock,35 to 44," 1,012 ", 938 , 776 , 718 ,,,,,,,,,
27133,Rock,45 to 54, 961 , 845 , 868 , 790 ,,,,,,,,,
27133,Rock,55 to 59, 520 , 469 , 341 , 362 ,,,,,,,,,
27133,Rock,60 to 64, 442 , 470 , 422 , 304 ,,,,,,,,,
27133,Rock,65 to 74, 382 , 443 , 481 , 466 ,,,,,,,,,
27133,Rock,75+, 87 , 88 , 98 , 110 ,,,,,,,,,
27135,Roseau,16 to 19, 453 , 469 , 421 , 367 ,,,,,,,,,
27135,Roseau,20 to 24, 800 ," 1,022 "," 1,048 ", 940 ,,,,,,,,,
27135,Roseau,25 to 29, 672 , 758 , 978 , 999 ,,,,,,,,,
27135,Roseau,30 to 34, 734 , 651 , 731 , 939 ,,,,,,,,,
27135,Roseau,35 to 44," 1,667 "," 1,528 "," 1,384 "," 1,371 ",,,,,,,,,
27135,Roseau,45 to 54," 2,158 "," 1,769 "," 1,532 "," 1,385 ",,,,,,,,,
27135,Roseau,55 to 59," 1,023 "," 1,060 ", 828 , 697 ,,,,,,,,,
27135,Roseau,60 to 64, 742 , 892 , 916 , 714 ,,,,,,,,,
27135,Roseau,65 to 74, 388 , 480 , 584 , 640 ,,,,,,,,,
27135,Roseau,75+, 60 , 70 , 85 , 104 ,,,,,,,,,
27137,St. Louis,16 to 19," 5,945 "," 5,497 "," 5,418 "," 5,051 ",,,,,,,,,
27137,St. Louis,20 to 24," 13,940 "," 12,495 "," 11,659 "," 11,548 ",,,,,,,,,
27137,St. Louis,25 to 29," 10,840 "," 12,485 "," 10,843 "," 9,974 ",,,,,,,,,
27137,St. Louis,30 to 34," 9,995 "," 10,132 "," 11,646 "," 10,139 ",,,,,,,,,
27137,St. Louis,35 to 44," 18,194 "," 18,953 "," 19,627 "," 21,325 ",,,,,,,,,
27137,St. Louis,45 to 54," 20,716 "," 17,668 "," 17,183 "," 17,921 ",,,,,,,,,
27137,St. Louis,55 to 59," 11,189 "," 9,888 "," 7,723 "," 7,233 ",,,,,,,,,
27137,St. Louis,60 to 64," 7,671 "," 7,788 "," 6,858 "," 5,377 ",,,,,,,,,
27137,St. Louis,65 to 74," 4,205 "," 5,489 "," 6,145 "," 5,829 ",,,,,,,,,
27137,St. Louis,75+, 547 , 616 , 768 , 979 ,,,,,,,,,
27139,Scott,16 to 19," 4,367 "," 5,058 "," 5,013 "," 4,658 ",,,,,,,,,
27139,Scott,20 to 24," 5,957 "," 6,038 "," 7,725 "," 7,445 ",,,,,,,,,
27139,Scott,25 to 29," 6,432 "," 4,353 "," 7,379 "," 9,176 ",,,,,,,,,
27139,Scott,30 to 34," 8,749 "," 6,755 "," 7,058 "," 10,128 ",,,,,,,,,
27139,Scott,35 to 44," 19,544 "," 19,759 "," 17,483 "," 15,707 ",,,,,,,,,
27139,Scott,45 to 54," 20,685 "," 22,756 "," 22,802 "," 21,933 ",,,,,,,,,
27139,Scott,55 to 59," 7,522 "," 10,039 "," 10,621 "," 10,757 ",,,,,,,,,
27139,Scott,60 to 64," 4,235 "," 5,712 "," 7,226 "," 7,567 ",,,,,,,,,
27139,Scott,65 to 74," 2,388 "," 3,276 "," 4,201 "," 5,284 ",,,,,,,,,
27139,Scott,75+, 360 , 447 , 528 , 644 ,,,,,,,,,
27141,Sherburne,16 to 19," 2,393 "," 2,741 "," 2,545 "," 2,209 ",,,,,,,,,
27141,Sherburne,20 to 24," 4,920 "," 6,549 "," 7,375 "," 6,859 ",,,,,,,,,
27141,Sherburne,25 to 29," 4,630 "," 4,181 "," 5,775 "," 6,547 ",,,,,,,,,
27141,Sherburne,30 to 34," 5,308 "," 4,541 "," 4,086 "," 5,656 ",,,,,,,,,
27141,Sherburne,35 to 44," 11,711 "," 11,017 "," 10,016 "," 8,669 ",,,,,,,,,
27141,Sherburne,45 to 54," 12,362 "," 11,739 "," 10,980 "," 10,238 ",,,,,,,,,
27141,Sherburne,55 to 59," 4,884 "," 5,656 "," 5,313 "," 5,051 ",,,,,,,,,
27141,Sherburne,60 to 64," 2,840 "," 3,633 "," 4,205 "," 3,925 ",,,,,,,,,
27141,Sherburne,65 to 74," 1,388 "," 1,836 "," 2,348 "," 2,823 ",,,,,,,,,
27141,Sherburne,75+, 173 , 222 , 296 , 388 ,,,,,,,,,
27143,Sibley,16 to 19, 440 , 497 , 459 , 380 ,,,,,,,,,
27143,Sibley,20 to 24, 716 , 932 ," 1,034 ", 954 ,,,,,,,,,
27143,Sibley,25 to 29, 637 , 629 , 845 , 947 ,,,,,,,,,
27143,Sibley,30 to 34, 772 , 616 , 608 , 818 ,,,,,,,,,
27143,Sibley,35 to 44," 1,605 "," 1,542 "," 1,328 "," 1,163 ",,,,,,,,,
27143,Sibley,45 to 54," 1,886 "," 1,520 "," 1,430 "," 1,362 ",,,,,,,,,
27143,Sibley,55 to 59, 976 , 996 , 730 , 648 ,,,,,,,,,
27143,Sibley,60 to 64, 686 , 776 , 789 , 577 ,,,,,,,,,
27143,Sibley,65 to 74, 408 , 489 , 572 , 609 ,,,,,,,,,
27143,Sibley,75+, 109 , 116 , 130 , 152 ,,,,,,,,,
27145,Stearns,16 to 19," 6,368 "," 5,777 "," 5,661 "," 5,302 ",,,,,,,,,
27145,Stearns,20 to 24," 14,046 "," 12,524 "," 11,503 "," 11,298 ",,,,,,,,,
27145,Stearns,25 to 29," 9,347 "," 11,595 "," 9,964 "," 8,946 ",,,,,,,,,
27145,Stearns,30 to 34," 8,670 "," 8,962 "," 11,098 "," 9,543 ",,,,,,,,,
27145,Stearns,35 to 44," 15,298 "," 16,077 "," 16,835 "," 19,236 ",,,,,,,,,
27145,Stearns,45 to 54," 16,925 "," 14,791 "," 14,272 "," 14,984 ",,,,,,,,,
27145,Stearns,55 to 59," 7,824 "," 7,964 "," 6,679 "," 6,053 ",,,,,,,,,
27145,Stearns,60 to 64," 5,490 "," 6,163 "," 6,249 "," 5,250 ",,,,,,,,,
27145,Stearns,65 to 74," 3,219 "," 4,100 "," 4,792 "," 5,099 ",,,,,,,,,
27145,Stearns,75+, 737 , 837 ," 1,006 "," 1,236 ",,,,,,,,,
27147,Steele,16 to 19," 1,095 "," 1,260 "," 1,238 "," 1,107 ",,,,,,,,,
27147,Steele,20 to 24," 1,993 "," 2,584 "," 2,904 "," 2,830 ",,,,,,,,,
27147,Steele,25 to 29," 1,692 "," 1,523 "," 2,072 "," 2,355 ",,,,,,,,,
27147,Steele,30 to 34," 1,928 "," 1,605 "," 1,434 "," 1,945 ",,,,,,,,,
27147,Steele,35 to 44," 3,796 "," 3,833 "," 3,613 "," 3,069 ",,,,,,,,,
27147,Steele,45 to 54," 4,524 "," 3,908 "," 3,583 "," 3,571 ",,,,,,,,,
27147,Steele,55 to 59," 2,030 "," 2,132 "," 1,762 "," 1,556 ",,,,,,,,,
27147,Steele,60 to 64," 1,434 "," 1,550 "," 1,619 "," 1,327 ",,,,,,,,,
27147,Steele,65 to 74, 723 , 922 ," 1,066 "," 1,119 ",,,,,,,,,
27147,Steele,75+, 243 , 266 , 313 , 381 ,,,,,,,,,
27149,Stevens,16 to 19, 445 , 324 , 322 , 279 ,,,,,,,,,
27149,Stevens,20 to 24, 848 , 830 , 637 , 626 ,,,,,,,,,
27149,Stevens,25 to 29, 571 , 804 , 767 , 512 ,,,,,,,,,
27149,Stevens,30 to 34, 495 , 542 , 747 , 709 ,,,,,,,,,
27149,Stevens,35 to 44, 794 , 911 ," 1,002 "," 1,230 ",,,,,,,,,
27149,Stevens,45 to 54, 857 , 744 , 762 , 855 ,,,,,,,,,
27149,Stevens,55 to 59, 497 , 441 , 347 , 323 ,,,,,,,,,
27149,Stevens,60 to 64, 389 , 404 , 352 , 275 ,,,,,,,,,
27149,Stevens,65 to 74, 302 , 386 , 438 , 411 ,,,,,,,,,
27149,Stevens,75+, 45 , 43 , 46 , 55 ,,,,,,,,,
27151,Swift,16 to 19, 233 , 250 , 238 , 219 ,,,,,,,,,
27151,Swift,20 to 24, 422 , 468 , 498 , 477 ,,,,,,,,,
27151,Swift,25 to 29, 424 , 402 , 459 , 500 ,,,,,,,,,
27151,Swift,30 to 34, 412 , 329 , 312 , 360 ,,,,,,,,,
27151,Swift,35 to 44, 856 , 842 , 774 , 680 ,,,,,,,,,
27151,Swift,45 to 54," 1,141 ", 895 , 764 , 763 ,,,,,,,,,
27151,Swift,55 to 59, 633 , 544 , 424 , 337 ,,,,,,,,,
27151,Swift,60 to 64, 482 , 509 , 439 , 344 ,,,,,,,,,
27151,Swift,65 to 74, 278 , 326 , 349 , 336 ,,,,,,,,,
27151,Swift,75+, 70 , 66 , 73 , 84 ,,,,,,,,,
27153,Todd,16 to 19, 551 , 559 , 556 , 541 ,,,,,,,,,
27153,Todd,20 to 24," 1,142 "," 1,411 "," 1,423 "," 1,416 ",,,,,,,,,
27153,Todd,25 to 29, 961 , 976 ," 1,251 "," 1,274 ",,,,,,,,,
27153,Todd,30 to 34," 1,051 ", 914 , 929 ," 1,200 ",,,,,,,,,
27153,Todd,35 to 44," 2,130 "," 2,000 "," 1,834 "," 1,728 ",,,,,,,,,
27153,Todd,45 to 54," 2,825 "," 2,209 "," 1,942 "," 1,830 ",,,,,,,,,
27153,Todd,55 to 59," 1,500 "," 1,340 ", 977 , 830 ,,,,,,,,,
27153,Todd,60 to 64," 1,068 "," 1,084 ", 969 , 709 ,,,,,,,,,
27153,Todd,65 to 74, 549 , 637 , 690 , 660 ,,,,,,,,,
27153,Todd,75+, 137 , 159 , 188 , 222 ,,,,,,,,,
27155,Traverse,16 to 19, 66 , 62 , 53 , 43 ,,,,,,,,,
27155,Traverse,20 to 24, 164 , 217 , 203 , 174 ,,,,,,,,,
27155,Traverse,25 to 29, 121 , 122 , 174 , 162 ,,,,,,,,,
27155,Traverse,30 to 34, 134 , 104 , 103 , 146 ,,,,,,,,,
27155,Traverse,35 to 44, 260 , 256 , 218 , 190 ,,,,,,,,,
27155,Traverse,45 to 54, 342 , 261 , 231 , 224 ,,,,,,,,,
27155,Traverse,55 to 59, 198 , 171 , 124 , 97 ,,,,,,,,,
27155,Traverse,60 to 64, 166 , 169 , 143 , 104 ,,,,,,,,,
27155,Traverse,65 to 74, 120 , 134 , 145 , 134 ,,,,,,,,,
27155,Traverse,75+, 42 , 38 , 36 , 39 ,,,,,,,,,
27157,Wabasha,16 to 19, 665 , 716 , 702 , 624 ,,,,,,,,,
27157,Wabasha,20 to 24," 1,047 "," 1,299 "," 1,381 "," 1,350 ",,,,,,,,,
27157,Wabasha,25 to 29, 930 , 950 ," 1,198 "," 1,277 ",,,,,,,,,
27157,Wabasha,30 to 34," 1,063 ", 905 , 925 ," 1,172 ",,,,,,,,,
27157,Wabasha,35 to 44," 2,146 "," 1,939 "," 1,701 "," 1,569 ",,,,,,,,,
27157,Wabasha,45 to 54," 2,795 "," 2,303 "," 2,003 "," 1,797 ",,,,,,,,,
27157,Wabasha,55 to 59," 1,372 "," 1,321 "," 1,052 ", 891 ,,,,,,,,,
27157,Wabasha,60 to 64, 951 ," 1,019 ", 980 , 778 ,,,,,,,,,
27157,Wabasha,65 to 74, 601 , 717 , 785 , 793 ,,,,,,,,,
27157,Wabasha,75+, 73 , 84 , 104 , 123 ,,,,,,,,,
27159,Wadena,16 to 19, 318 , 367 , 364 , 314 ,,,,,,,,,
27159,Wadena,20 to 24, 660 , 750 , 847 , 837 ,,,,,,,,,
27159,Wadena,25 to 29, 506 , 564 , 650 , 746 ,,,,,,,,,
27159,Wadena,30 to 34, 543 , 487 , 541 , 625 ,,,,,,,,,
27159,Wadena,35 to 44," 1,170 "," 1,148 "," 1,082 "," 1,074 ",,,,,,,,,
27159,Wadena,45 to 54," 1,363 "," 1,109 "," 1,060 "," 1,033 ",,,,,,,,,
27159,Wadena,55 to 59, 712 , 670 , 471 , 443 ,,,,,,,,,
27159,Wadena,60 to 64, 477 , 503 , 472 , 331 ,,,,,,,,,
27159,Wadena,65 to 74, 318 , 347 , 375 , 371 ,,,,,,,,,
27159,Wadena,75+, 127 , 136 , 148 , 162 ,,,,,,,,,
27161,Waseca,16 to 19, 562 , 609 , 570 , 499 ,,,,,,,,,
27161,Waseca,20 to 24, 846 , 941 ," 1,018 ", 953 ,,,,,,,,,
27161,Waseca,25 to 29, 929 , 868 , 963 ," 1,043 ",,,,,,,,,
27161,Waseca,30 to 34," 1,027 ", 876 , 816 , 906 ,,,,,,,,,
27161,Waseca,35 to 44," 1,958 "," 2,042 "," 1,913 "," 1,701 ",,,,,,,,,
27161,Waseca,45 to 54," 2,052 "," 1,939 "," 1,986 "," 2,067 ",,,,,,,,,
27161,Waseca,55 to 59," 1,231 "," 1,176 "," 1,053 "," 1,048 ",,,,,,,,,
27161,Waseca,60 to 64, 810 , 882 , 840 , 752 ,,,,,,,,,
27161,Waseca,65 to 74, 574 , 747 , 859 , 872 ,,,,,,,,,
27161,Waseca,75+, 67 , 72 , 90 , 114 ,,,,,,,,,
27163,Washington,16 to 19," 7,581 "," 9,389 "," 9,143 "," 8,584 ",,,,,,,,,
27163,Washington,20 to 24," 12,339 "," 15,445 "," 19,198 "," 18,450 ",,,,,,,,,
27163,Washington,25 to 29," 11,889 "," 11,310 "," 15,903 "," 19,804 ",,,,,,,,,
27163,Washington,30 to 34," 13,234 "," 9,769 "," 10,437 "," 14,935 ",,,,,,,,,
27163,Washington,35 to 44," 28,095 "," 26,709 "," 23,279 "," 20,425 ",,,,,,,,,
27163,Washington,45 to 54," 35,106 "," 35,013 "," 33,537 "," 32,641 ",,,,,,,,,
27163,Washington,55 to 59," 15,631 "," 17,444 "," 16,576 "," 15,340 ",,,,,,,,,
27163,Washington,60 to 64," 9,115 "," 10,721 "," 11,924 "," 11,222 ",,,,,,,,,
27163,Washington,65 to 74," 5,206 "," 6,685 "," 7,964 "," 8,984 ",,,,,,,,,
27163,Washington,75+, 861 ," 1,003 "," 1,181 "," 1,416 ",,,,,,,,,
27165,Watonwan,16 to 19, 357 , 376 , 351 , 337 ,,,,,,,,,
27165,Watonwan,20 to 24, 544 , 627 , 653 , 606 ,,,,,,,,,
27165,Watonwan,25 to 29, 508 , 585 , 667 , 692 ,,,,,,,,,
27165,Watonwan,30 to 34, 517 , 441 , 504 , 572 ,,,,,,,,,
27165,Watonwan,35 to 44," 1,120 "," 1,132 "," 1,016 ", 993 ,,,,,,,,,
27165,Watonwan,45 to 54," 1,199 "," 1,051 "," 1,029 "," 1,026 ",,,,,,,,,
27165,Watonwan,55 to 59, 717 , 602 , 506 , 452 ,,,,,,,,,
27165,Watonwan,60 to 64, 505 , 549 , 457 , 381 ,,,,,,,,,
27165,Watonwan,65 to 74, 315 , 383 , 446 , 421 ,,,,,,,,,
27165,Watonwan,75+, 86 , 87 , 93 , 109 ,,,,,,,,,
27167,Wilkin,16 to 19, 151 , 149 , 147 , 125 ,,,,,,,,,
27167,Wilkin,20 to 24, 259 , 338 , 332 , 324 ,,,,,,,,,
27167,Wilkin,25 to 29, 283 , 271 , 374 , 367 ,,,,,,,,,
27167,Wilkin,30 to 34, 310 , 256 , 245 , 338 ,,,,,,,,,
27167,Wilkin,35 to 44, 629 , 607 , 560 , 493 ,,,,,,,,,
27167,Wilkin,45 to 54, 827 , 633 , 560 , 536 ,,,,,,,,,
27167,Wilkin,55 to 59, 447 , 428 , 291 , 252 ,,,,,,,,,
27167,Wilkin,60 to 64, 326 , 401 , 384 , 260 ,,,,,,,,,
27167,Wilkin,65 to 74, 154 , 187 , 228 , 244 ,,,,,,,,,
27167,Wilkin,75+, 23 , 24 , 27 , 32 ,,,,,,,,,
27169,Winona,16 to 19," 2,182 "," 2,028 "," 1,970 "," 1,754 ",,,,,,,,,
27169,Winona,20 to 24," 6,330 "," 6,678 "," 6,333 "," 6,172 ",,,,,,,,,
27169,Winona,25 to 29," 2,518 "," 2,299 "," 2,794 "," 2,535 ",,,,,,,,,
27169,Winona,30 to 34," 2,486 "," 2,330 "," 2,124 "," 2,600 ",,,,,,,,,
27169,Winona,35 to 44," 4,356 "," 4,432 "," 4,411 "," 4,076 ",,,,,,,,,
27169,Winona,45 to 54," 5,143 "," 4,271 "," 3,963 "," 4,047 ",,,,,,,,,
27169,Winona,55 to 59," 2,914 "," 2,586 "," 2,014 "," 1,783 ",,,,,,,,,
27169,Winona,60 to 64," 2,048 "," 2,138 "," 1,897 "," 1,481 ",,,,,,,,,
27169,Winona,65 to 74," 1,327 "," 1,661 "," 1,842 "," 1,775 ",,,,,,,,,
27169,Winona,75+, 330 , 369 , 450 , 549 ,,,,,,,,,
27171,Wright,16 to 19," 4,605 "," 5,621 "," 5,572 "," 4,786 ",,,,,,,,,
27171,Wright,20 to 24," 6,197 "," 9,257 "," 11,065 "," 10,858 ",,,,,,,,,
27171,Wright,25 to 29," 6,094 "," 5,641 "," 8,842 "," 10,617 ",,,,,,,,,
27171,Wright,30 to 34," 7,889 "," 5,985 "," 5,518 "," 8,630 ",,,,,,,,,
27171,Wright,35 to 44," 16,957 "," 16,329 "," 13,921 "," 11,353 ",,,,,,,,,
27171,Wright,45 to 54," 17,543 "," 16,973 "," 16,671 "," 15,812 ",,,,,,,,,
27171,Wright,55 to 59," 6,790 "," 7,909 "," 7,448 "," 7,281 ",,,,,,,,,
27171,Wright,60 to 64," 4,264 "," 5,334 "," 6,201 "," 5,773 ",,,,,,,,,
27171,Wright,65 to 74," 2,371 "," 3,052 "," 3,816 "," 4,529 ",,,,,,,,,
27171,Wright,75+, 359 , 465 , 610 , 780 ,,,,,,,,,
27173,Yellow Medicine,16 to 19, 306 , 295 , 291 , 269 ,,,,,,,,,
27173,Yellow Medicine,20 to 24, 457 , 522 , 502 , 497 ,,,,,,,,,
27173,Yellow Medicine,25 to 29, 449 , 457 , 521 , 503 ,,,,,,,,,
27173,Yellow Medicine,30 to 34, 467 , 417 , 424 , 484 ,,,,,,,,,
27173,Yellow Medicine,35 to 44, 876 , 906 , 874 , 834 ,,,,,,,,,
27173,Yellow Medicine,45 to 54," 1,169 ", 959 , 885 , 914 ,,,,,,,,,
27173,Yellow Medicine,55 to 59, 650 , 543 , 430 , 366 ,,,,,,,,,
27173,Yellow Medicine,60 to 64, 499 , 570 , 474 , 377 ,,,,,,,,,
27173,Yellow Medicine,65 to 74, 311 , 371 , 438 , 426 ,,,,,,,,,
27173,Yellow Medicine,75+, 72 , 71 , 77 , 89 ,,,,,,,,,